ID,Especialidad_23,Promedio,Examen_23,Puntaje_final_23,pre_OM_23,OM_23,Progreso_23,Especialidad_vieja_22,Examen_viejo_22,Comparacion_examen_22_23
384c2b3a-071e-44e5-9d47-36b40dd47291,Anestesiologia,7.77,85,50.27,144.0,7,137.0,Anestesiologia,73.0,12.0
e4c271e7-c271-4d25-8635-fb1f77c60d65,Anestesiologia,8.12,81,48.62,96.0,18,78.0,Anestesiologia,71.0,10.0
66efa12d-09d9-433a-9769-a28540ec38fb,Anestesiologia,8.44,80,48.44,51.0,24,27.0,Anestesiologia,72.0,8.0
ab795da4-6778-4fe2-85ef-e2eddab03261,Anestesiologia,7.69,81,48.19,151.0,26,125.0,Anestesiologia,68.0,13.0
f00acc04-31b6-4f69-b29a-b648c914fa65,Anestesiologia,7.41,81,47.91,189.0,31,158.0,Anestesiologia,67.0,14.0
bf86a8d1-a0c1-4f78-a49b-ff8a767ca5a5,Anestesiologia,8.9,78,47.9,17.0,32,-15.0,Anestesiologia,71.0,7.0
628cf4d0-6577-49a5-8a59-a2300b431fdd,Anestesiologia,7.13,81,47.63,227.0,36,191.0,Anestesiologia,71.0,10.0
e7f737e8-c7c8-42fc-9805-2d1104028a5b,Anestesiologia,7.29,80,47.29,202.0,39,163.0,Anestesiologia,74.0,6.0
b0791997-c216-44f0-82d7-18ffed5af3c1,Anestesiologia,7.2,80,47.2,219.0,40,179.0,Anestesiologia,69.0,11.0
2db7635f-4758-4f8c-976d-c333c92c9fbe,Anestesiologia,7.94,78,46.94,125.0,44,81.0,Anestesiologia,73.0,5.0
638e7621-827f-485b-bec6-4782b426bce6,Anestesiologia,8.43,77,46.93,53.0,45,8.0,Anestesiologia,67.0,10.0
6be7fe6e-795d-4ffe-a404-805cddd3dd6e,Anestesiologia,8.59,76,46.59,42.0,50,-8.0,Anestesiologia,75.0,1.0
317a248f-4ba3-42cb-b6a5-1ea9b576bf2c,Anestesiologia,7.47,78,46.47,180.0,53,127.0,Anestesiologia,72.0,6.0
7fcbd074-1709-4100-bb78-d2f40611f6f3,Anestesiologia,8.93,75,46.43,15.0,54,-39.0,Oftalmologia,72.0,3.0
5e87052d-2b9d-4daf-b781-7bdc1a97e9b9,Anestesiologia,8.63,74,45.63,38.0,66,-28.0,Anestesiologia,72.0,2.0
b21727e0-4ebb-4d8a-a49b-948cd1a423a8,Anestesiologia,7.8,75,45.3,137.0,70,67.0,Anestesiologia,70.0,5.0
7d10f5bd-08aa-4e5c-96d6-7bcecd13dcf5,Anestesiologia,7.2,76,45.2,217.0,72,145.0,Anestesiologia,78.0,-2.0
c0f69d45-b183-4a1d-8b0b-9ab4975e14e9,Anestesiologia,7.62,75,45.12,160.0,75,85.0,Anestesiologia,71.0,4.0
e6c52897-b0b6-4bfc-8ce9-dcbe51bdd4a1,Anestesiologia,7.0,76,45.0,246.0,76,170.0,Anestesiologia,74.0,2.0
0259fd52-bd0b-47f3-9d71-6f91cdfda1c9,Anestesiologia,7.94,74,44.94,127.0,78,49.0,Anestesiologia,73.0,1.0
933ce383-ace5-48cc-9371-408d39414d1b,Anestesiologia,6.87,76,44.87,265.0,79,186.0,Cirugia,75.0,1.0
80e79f2f-5332-481b-814d-fc04e3b552dd,Anestesiologia,7.22,75,44.72,214.0,81,133.0,Anestesiologia,71.0,4.0
5c8813b2-6e20-400b-8b5c-4ef9e8ce4b12,Anestesiologia,8.2,73,44.7,85.0,82,3.0,Anestesiologia,73.0,0.0
dca86ce9-b3ee-4479-9d26-f0f42f97f7a3,Anestesiologia,7.68,74,44.68,152.0,83,69.0,Anestesiologia,72.0,2.0
00ba804c-9eee-4b57-9550-257788003af6,Anestesiologia,7.79,73,44.29,142.0,90,52.0,Anestesiologia,66.0,7.0
c009f3dd-38f2-48ff-9b2c-608db824ac59,Anestesiologia,7.6,73,44.1,163.0,91,72.0,Anestesiologia,71.0,2.0
7cfbf9a2-787a-483f-a326-73ded620c721,Anestesiologia,6.33,75,43.83,296.0,95,201.0,Anestesiologia,74.0,1.0
090362d5-dfcf-423f-abbd-6013fc416ddb,Anestesiologia,5.82,76,43.82,325.0,96,229.0,Anestesiologia,65.0,11.0
8f45aec0-6cb9-4aef-86e2-c8b6450dd8ef,Anestesiologia,9.3,69,43.8,4.0,97,-93.0,Anestesiologia,71.0,-2.0
6fa9b21c-ec46-43ca-a53d-b876e46b9a13,Anestesiologia,7.29,73,43.79,203.0,98,105.0,Anestesiologia,77.0,-4.0
664fa462-f862-4707-9b70-27ed295fc895,Anestesiologia,6.58,74,43.58,284.0,101,183.0,Anestesiologia,77.0,-3.0
9b010228-94b1-47d0-96d2-b3518624e67b,Anestesiologia,7.26,72,43.26,208.0,105,103.0,Anestesiologia,76.0,-4.0
12f72382-cc10-4aab-aa0a-d1a5714705b4,Anestesiologia,7.09,72,43.09,233.0,110,123.0,Tocoginecologia,74.0,-2.0
33371686-9a27-4709-b353-e891c340e672,Anestesiologia,7.58,71,43.08,165.0,111,54.0,Anestesiologia,58.0,13.0
bc228da4-9763-433a-8544-b05f1ebfa454,Anestesiologia,7.0,72,43.0,247.0,113,134.0,Anestesiologia,71.0,1.0
f2929e84-2c6f-48d4-baf3-397b46e9e1d7,Anestesiologia,7.85,70,42.85,134.0,117,17.0,Anestesiologia,70.0,0.0
cf99e70d-2734-474d-8d10-011213a6cb2d,Anestesiologia,8.92,67,42.42,16.0,125,-109.0,Anestesiologia,72.0,-5.0
a5b2a43d-2525-402c-b517-0f0174b90c16,Anestesiologia,7.31,70,42.31,198.0,131,67.0,Anestesiologia,72.0,-2.0
614c6fa1-f9a6-4e0f-a82d-00e596c06177,Anestesiologia,7.23,70,42.23,211.0,135,76.0,Anestesiologia,72.0,-2.0
6bc0e754-6375-4aa2-b9fd-2c6812d37210,Anestesiologia,9.18,66,42.18,6.0,137,-131.0,Anestesiologia,72.0,-6.0
93a4f9a4-2122-4904-a2a3-f82010fb44cf,Anestesiologia,5.89,72,41.89,322.0,143,179.0,Anestesiologia,76.0,-4.0
f4e5f9d4-49b5-4c7e-87da-884e9887ca80,Anestesiologia,7.06,69,41.56,240.0,150,90.0,Anestesiologia,74.0,-5.0
408c2eee-58fd-4b2d-9e11-21cd2c559fc3,Anestesiologia,8.54,66,41.54,44.0,151,-107.0,Anestesiologia,70.0,-4.0
b181a46e-e1f6-4107-b114-49772ee9f7bd,Anestesiologia,7.03,69,41.53,244.0,152,92.0,Anestesiologia,62.0,7.0
566be6d9-2bf6-4fdc-98fc-0e68af087b9f,Anestesiologia,6.98,69,41.48,252.0,155,97.0,Anestesiologia,73.0,-4.0
d024b562-9ea3-4a12-8b1e-9f2bb20a5827,Anestesiologia,5.93,71,41.43,318.0,156,162.0,Anestesiologia,73.0,-2.0
e9cc6f30-5dcd-4a1c-9eac-691b9f9f8fc7,Anestesiologia,6.98,68,40.98,250.0,162,88.0,Anestesiologia,74.0,-6.0
4d620e94-38e2-4c67-a2f1-d0e02ed3f026,Anestesiologia,5.92,70,40.92,319.0,163,156.0,Anestesiologia,72.0,-2.0
9b185d54-af78-4423-835b-da937121e53a,Anestesiologia,7.86,66,40.86,132.0,164,-32.0,Anestesiologia,65.0,1.0
66087be9-b520-4b89-85b3-9976900a6aa5,Anestesiologia,6.81,68,40.81,268.0,167,101.0,Anestesiologia,70.0,-2.0
bee04532-cff7-47df-ba54-4df214ebd5c3,Anestesiologia,5.92,69,40.42,320.0,173,147.0,Anestesiologia,66.0,3.0
8247ee53-f280-471a-9370-67f95d491714,Anestesiologia,6.77,66,39.77,270.0,183,87.0,Anestesiologia,65.0,1.0
febf6395-f71c-40f7-8df0-77aaba2e55a3,Anestesiologia,8.12,63,39.62,93.0,188,-95.0,Anestesiologia,61.0,2.0
94bd5b77-eb0d-485c-8b76-e19785bbc300,Anestesiologia,6.0,67,39.5,313.0,189,124.0,Anestesiologia,74.0,-7.0
66fb03ca-e5d5-4bd1-903d-80f050861094,Anestesiologia,7.9,63,39.4,130.0,193,-63.0,Anestesiologia,72.0,-9.0
0a71a30b-0c65-4536-bdbf-8ce78f452bfe,Anestesiologia,7.48,63,38.98,178.0,201,-23.0,Anestesiologia,73.0,-10.0
36a6c092-2387-4913-b7cb-2dd823092e08,Anestesiologia,6.76,64,38.76,271.0,206,65.0,Anestesiologia,68.0,-4.0
d36e8f5e-8fcc-4993-907a-6dfdc662b1e3,Anestesiologia,7.1,63,38.6,231.0,207,24.0,Anestesiologia,72.0,-9.0
a00b117a-c1a4-44d1-aabd-47bed6759a5a,Anestesiologia,8.54,60,38.54,45.0,208,-163.0,Anestesiologia,72.0,-12.0
ddf41687-ca60-4881-b43a-13939e2223bf,Anestesiologia,7.98,61,38.48,113.0,209,-96.0,Anestesiologia,64.0,-3.0
605ae4d3-d013-41a6-abcf-4a6ca683504d,Anestesiologia,6.67,63,38.17,278.0,214,64.0,Anestesiologia,73.0,-10.0
3eadf290-06dc-4b02-bc75-ac3da5c47d70,Anestesiologia,7.53,61,38.03,168.0,217,-49.0,Anestesiologia,57.0,4.0
5f1b7808-be4c-453f-a1be-9fd5453a922e,Anestesiologia,6.76,62,37.76,273.0,219,54.0,Neurocirugia,65.0,-3.0
3066b307-60cb-4bf2-88f7-6485936b992d,Anestesiologia,5.94,63,37.44,317.0,225,92.0,Anestesiologia,69.0,-6.0
4b3b2b4c-1216-4f77-bd51-6ffc3b95d6ae,Anestesiologia,7.88,59,37.38,131.0,227,-96.0,Anestesiologia,71.0,-12.0
96e0f967-998e-4d0c-8916-28f25f8bafde,Anestesiologia,6.26,60,36.26,302.0,238,64.0,Anestesiologia,60.0,0.0
20d61485-1e04-4ba6-bca8-50cf7a5a8c8f,Anestesiologia,8.84,54,35.84,19.0,242,-223.0,Dermatologia,48.0,6.0
bfe438f4-d366-4b86-84c1-3091c520991f,Anestesiologia,7.04,57,35.54,243.0,245,-2.0,Anestesiologia,49.0,8.0
cc21141d-d148-42bf-ad8e-6873db76fd5a,Anestesiologia,7.13,56,35.13,228.0,250,-22.0,Anestesiologia,66.0,-10.0
3709ab12-5036-4768-a15e-df5b8c315647,Anestesiologia,6.93,56,34.93,256.0,252,4.0,Anestesiologia,68.0,-12.0
38406cff-93c8-4be3-ba7b-cf25fc22f5b9,Anestesiologia,5.78,58,34.78,326.0,254,72.0,Anestesiologia,48.0,10.0
d6d2d626-c662-4f3d-92f7-f21cae023b37,Anestesiologia,8.7,52,34.7,29.0,255,-226.0,Anestesiologia,52.0,0.0
3bb6d6e8-79e8-4d9d-8b37-c93feab2c050,Anestesiologia,6.04,57,34.54,311.0,257,54.0,Anestesiologia,66.0,-9.0
aafd0d88-ecd4-4a84-8b57-0288cf96d51b,Anestesiologia,5.98,56,33.98,315.0,264,51.0,Anestesiologia,73.0,-17.0
ff4fd4ee-58a8-45a2-8f85-c14632eacaf8,Anestesiologia,8.25,51,33.75,77.0,266,-189.0,Anestesiologia,67.0,-16.0
96089b0a-044d-4d85-a8f5-c5c40689e89f,Anestesiologia,6.57,53,33.07,286.0,271,15.0,Anestesiologia,69.0,-16.0
84dd8f16-15d0-4a8a-883a-957b9df8435d,Anestesiologia,5.55,55,33.05,328.0,272,56.0,Anestesiologia,60.0,-5.0
9f3e9b60-2b46-444d-8361-fb8fe3471536,Anestesiologia,5.11,53,31.61,335.0,281,54.0,Anestesiologia,63.0,-10.0
753f48cc-cba5-4f43-922c-422284abf2f8,Anestesiologia,7.49,48,31.49,176.0,285,-109.0,Anestesiologia,54.0,-6.0
14ffe100-5ecd-4a8b-8d4b-009a702b3c85,Anestesiologia,7.07,48,31.07,237.0,287,-50.0,Tocoginecologia,63.0,-15.0
53be2c43-f847-4c5d-af2c-f7405c8e79bc,Anestesiologia,8.04,46,31.04,104.0,288,-184.0,Neurocirugia,52.0,-6.0
68b6e85f-f37c-4ca3-b6ab-44edfa77a8f7,Anestesiologia,,62,31.0,,289,,Anestesiologia,56.0,6.0
e074b0e0-eee1-458a-a3ca-a79423121464,Anestesiologia,6.45,49,30.95,290.0,291,-1.0,Anestesiologia,52.0,-3.0
e03bfceb-dedb-4d65-9520-663d0d008847,Anestesiologia,5.9,49,30.4,321.0,297,24.0,Patologia,46.0,3.0
842de1e0-66f3-4ff1-b5bf-58669f916a89,Anestesiologia,7.29,43,28.79,204.0,306,-102.0,Anestesiologia,62.0,-19.0
7abb478d-6978-41cb-b38c-a98dc8cfdc1e,Anestesiologia,6.9,28,20.9,262.0,321,-59.0,Cardiologia,42.0,-14.0
edc3ed02-b9ed-4a2c-8f14-d41d8a2ffb9b,Anestesiologia,8.25,Ausente,,76.0,328,-252.0,Anestesiologia,71.0,
441e617f-a888-43f8-882f-08e78fddaf14,Anestesiologia,7.6,Ausente,,162.0,331,-169.0,Gastroenterologia,34.0,
7337d183-896d-4a78-9c2a-38867eab366d,Anestesiologia,7.3,Ausente,,200.0,332,-132.0,Anestesiologia,73.0,
a828a757-61bd-4706-a1cc-33be0e75e357,Anestesiologia,7.09,Ausente,,234.0,335,-101.0,Cirugia,76.0,
4cad75d7-d0c7-4d87-8c87-1da84d5a20d1,Anestesiologia,6.96,Ausente,,253.0,337,-84.0,Anestesiologia,71.0,
f809f798-e38c-4fea-bec6-819da77bba79,Anestesiologia,6.92,Ausente,,258.0,338,-80.0,Anestesiologia,66.0,
7721e4b9-77ec-4886-8f68-521122bb2e4b,Anestesiologia,6.67,Ausente,,279.0,339,-60.0,Anestesiologia,62.0,
479e0b63-40f6-4f36-8ff0-a7894edc86a4,Anestesiologia,6.2,Ausente,,307.0,343,-36.0,Anestesiologia,65.0,
ae718c83-c531-4534-9368-11e173201d55,Cardiologia,8.85,86,51.85,38.0,2,36.0,Cirugia,79.0,7.0
a1b792f5-5239-427f-93e4-a57368b5e37b,Cardiologia,7.3,72,43.3,176.0,65,111.0,Cirugia,78.0,-6.0
f4359bdb-9b01-4cb4-939c-8a6cfd037315,Cardiologia,8.68,66,41.68,53.0,82,-29.0,Neurocirugia,57.0,9.0
9523affe-9068-4758-8f26-f4e91ae3e7bc,Cardiologia,6.67,67,40.17,210.0,98,112.0,Cx cardiovascular,75.0,-8.0
cb59a19d-090d-4710-8982-19bb5e4f681a,Cardiologia,7.09,63,38.59,186.0,122,64.0,Cardiologia,75.0,-12.0
d0ba7421-5bf5-486a-a0b6-38551217d6aa,Cardiologia,7.5,62,38.5,158.0,123,35.0,Patologia,67.0,-5.0
41c9cca3-b294-4b80-8f17-745429c56532,Cardiologia,8.37,57,36.87,78.0,149,-71.0,Cardiologia,67.0,-10.0
f7b7bdb2-973e-4795-8ba2-553e02d4cd70,Cardiologia,7.42,56,35.42,166.0,164,2.0,Cardiologia,68.0,-12.0
592827a7-ee3c-417c-b001-9d08a09d8ffd,Cardiologia,7.45,54,34.45,162.0,174,-12.0,Cardiologia,55.0,-1.0
c02064cf-3d6d-4ccf-8453-67bd26790a59,Cardiologia,5.76,57,34.26,251.0,177,74.0,Psiquiatria,63.0,-6.0
d9dedf8d-8579-470a-8789-f3f9f1e97243,Cardiologia,7.74,52,33.74,134.0,182,-48.0,Cardiologia,57.0,-5.0
4f014cb7-cd0e-4df4-bd9b-b169fdaab371,Cardiologia,6.23,55,33.73,232.0,183,49.0,Clinica medica,69.0,-14.0
a797ea6f-1562-406a-90e6-cce79ce85703,Cardiologia,7.38,52,33.38,167.0,186,-19.0,Cardiologia,67.0,-15.0
05910918-1ec9-484f-ac4b-62ba25e0e869,Cardiologia,6.45,52,32.45,223.0,192,31.0,Cardiologia,54.0,-2.0
9988a02e-adae-44f4-b9a4-6d2596e3d880,Cardiologia,5.93,52,31.93,246.0,196,50.0,UTI,55.0,-3.0
cb42a015-9f5d-4b3a-ad35-3ff3b3b7c434,Cardiologia,5.8,52,31.8,250.0,197,53.0,Cardiologia,59.0,-7.0
edc359b7-9fda-4de2-99e8-4203031e3af1,Cardiologia,5.17,53,31.67,271.0,199,72.0,Cardiologia,57.0,-4.0
1640db8a-f351-4505-a117-587176309c73,Cardiologia,7.6,47,31.1,148.0,201,-53.0,UTI,37.0,10.0
2137ef24-ee51-47b1-9bf9-b838e5dd1574,Cardiologia,6.6,47,30.1,214.0,211,3.0,Emergentologia,45.0,2.0
a84bc4ab-c706-459a-bc30-1a3cf0ca9df3,Cardiologia,7.03,45,29.53,189.0,217,-28.0,Dermatologia,49.0,-4.0
366d5215-76ed-45b3-bafb-2e959db8bbb7,Cardiologia,5.45,48,29.45,261.0,218,43.0,Cardiologia,61.0,-13.0
6f92b35b-930c-4a4b-a707-cd0117266c64,Cardiologia,6.5,45,29.0,219.0,220,-1.0,Cx cardiovascular,56.0,-11.0
a2cce05c-a201-4b0c-bca7-a54127d143e0,Cardiologia,5.5,47,29.0,260.0,221,39.0,Cardiologia,51.0,-4.0
2a74e179-fdb7-47af-ab9a-830725364cf4,Cardiologia,6.5,44,28.5,217.0,225,-8.0,Toxicologia,51.0,-7.0
9745e608-bd0a-4c17-a92d-eb37a6a36107,Cardiologia,5.91,45,28.41,247.0,226,21.0,Clinica medica,57.0,-12.0
cc995d42-5897-4b2d-85b2-bfd952979082,Cardiologia,5.73,43,27.23,252.0,233,19.0,Anestesiologia,59.0,-16.0
983a902a-ed3b-4d83-8a8a-dbcd4ae29c17,Cardiologia,6.2,42,27.2,233.0,234,-1.0,Cardiologia,47.0,-5.0
51a36cdb-9560-409d-803e-82793a21fabb,Cardiologia,6.01,42,27.01,241.0,236,5.0,Cirugia,47.0,-5.0
6f1696c8-9d9a-4f08-ba55-62c9acc7a734,Cardiologia,4.7,44,26.7,275.0,238,37.0,Cardiologia,48.0,-4.0
57024e15-2cb7-47b7-b66c-c4f7938a5aab,Cardiologia,5.4,41,25.9,264.0,241,23.0,Cardiologia,46.0,-5.0
405a9449-9f0d-4656-944f-f0e9159576f6,Cardiologia,5.67,36,23.67,253.0,252,1.0,Cirugia,53.0,-17.0
0ce733d6-ca07-4081-bc83-4bb182dc7e39,Cardiologia,,39,19.5,288.0,262,26.0,Cardiologia,47.0,-8.0
2b6763af-d1c3-4176-811a-0aa251bb07a9,Cardiologia,,35,17.5,286.0,263,23.0,Cardiologia,51.0,-16.0
77ac2af6-b3de-4b34-bce7-18b94c443e91,Cardiologia,6.76,Ausente,,202.0,280,-78.0,Cardiologia,57.0,
4ed08433-7a3c-4ba2-ad1f-9d87455be4a9,Cardiologia,5.51,Ausente,,259.0,284,-25.0,Gastroenterologia,50.0,
1d9f9618-5e8a-4cc7-bb8e-2303ad38d3f7,Cardiologia,4.3,Ausente,,278.0,286,-8.0,Endocrinologia,37.0,
8086916a-1996-499f-a989-77b3e60302db,Cirugia,7.58,82,48.58,212.0,12,200.0,Cirugia,84.0,-2.0
6d8becdf-b173-451d-8672-01d0674d0699,Cirugia,8.79,79,48.29,40.0,13,27.0,Cirugia,71.0,8.0
7ed2a88d-b31b-4ede-965f-950321d483bb,Cirugia,8.21,76,46.21,120.0,31,89.0,Cirugia,82.0,-6.0
346c6ac7-97bc-4782-b7d6-cfebd9f19535,Cirugia,6.78,78,45.78,317.0,35,282.0,Cx infantil,74.0,4.0
a728c05d-b632-4059-94d7-0682290411dc,Cirugia,7.84,73,44.34,173.0,57,116.0,Neurocirugia,66.0,7.0
c9138f95-c10a-4588-a059-de370cfd6af5,Cirugia,7.83,72,43.83,174.0,63,111.0,Cirugia,74.0,-2.0
394b2895-f3ae-4191-ab4d-bce37b83861c,Cirugia,7.97,71,43.47,152.0,68,84.0,Cirugia,81.0,-10.0
3568e0d6-5870-48d9-a8d9-ecc7ff84576c,Cirugia,7.24,72,43.24,255.0,76,179.0,Cirugia,65.0,7.0
adffd99f-031e-4a73-a1c1-8e954d54e8f5,Cirugia,8.73,69,43.23,48.0,77,-29.0,Cirugia,72.0,-3.0
3f72b45f-bbcc-45c1-bf1b-bec50b31e3ee,Cirugia,7.65,70,42.65,201.0,86,115.0,Cirugia,63.0,7.0
58034fc6-e605-4c18-9505-99280d0274c6,Cirugia,8.03,69,42.53,141.0,88,53.0,Cirugia,63.0,6.0
b0a43d5a-7468-4350-aa3d-b49cebfcdc18,Cirugia,6.8,71,42.3,314.0,93,221.0,Cirugia,59.0,12.0
934f3498-7e19-4a80-ad55-43f51d19bcb6,Cirugia,7.97,68,41.97,153.0,97,56.0,Cirugia,66.0,2.0
18a722bf-3150-4701-8b20-5f327fdb4271,Cirugia,5.9,71,41.4,398.0,107,291.0,Cx cardiovascular,71.0,0.0
dbfb85ec-ca3f-400b-a507-a1666d3b3bcd,Cirugia,8.32,66,41.32,108.0,110,-2.0,Cirugia,66.0,0.0
4955c64f-662a-47ff-b414-dcce02629870,Cirugia,8.75,65,41.25,46.0,112,-66.0,Cirugia,58.0,7.0
e75429cb-f6f6-41a2-a425-f924d4cf291d,Cirugia,6.11,70,41.11,383.0,117,266.0,Cirugia,64.0,6.0
f8e1a6ca-dcb2-4fb6-b406-e86c1a5a6de2,Cirugia,7.11,67,40.61,272.0,125,147.0,Cirugia,67.0,0.0
b68097af-413a-44dc-9a11-c13a8906ae1a,Cirugia,6.89,65,39.39,301.0,149,152.0,Cirugia,56.0,9.0
357c16a5-475f-412c-b72a-0d4cbaf8b706,Cirugia,6.33,66,39.33,365.0,150,215.0,Cirugia,68.0,-2.0
85405c50-d792-49d0-9fff-2136605bed11,Cirugia,8.2,62,39.2,122.0,153,-31.0,Cirugia,60.0,2.0
c6fa9739-c823-483f-afb6-e79d4ba1b5d9,Cirugia,8.41,61,38.91,97.0,160,-63.0,Neurocirugia,67.0,-6.0
1cf463e4-c7f1-4024-89ef-171cacf3f3ee,Cirugia,6.77,64,38.77,319.0,165,154.0,Cirugia,65.0,-1.0
144c96e9-6d1f-48ea-a3cd-240696a28385,Cirugia,7.56,60,37.56,215.0,191,24.0,Cirugia,67.0,-7.0
937877a8-c9d8-4ba3-a8a0-ab714347375b,Cirugia,5.5,63,37.0,416.0,201,215.0,Cirugia,44.0,19.0
b28e95fb-a548-48a9-8d2e-2eb90c51c306,Cirugia,6.62,60,36.62,341.0,213,128.0,Cirugia,64.0,-4.0
d7b87b76-82c6-43ab-8098-b77bef1d62dd,Cirugia,5.56,61,36.06,415.0,222,193.0,Cirugia,67.0,-6.0
f1ce7f8a-e760-47c0-9e8d-7e863177247b,Cirugia,6.5,59,36.0,351.0,225,126.0,Cirugia,64.0,-5.0
54bd2070-42ce-498a-924e-98cc36c42ee2,Cirugia,6.6,58,35.6,343.0,235,108.0,Cirugia,61.0,-3.0
8fed2abf-c531-47ef-a860-25298f0236df,Cirugia,7.43,56,35.43,231.0,237,-6.0,Cirugia,54.0,2.0
3aeef8ed-15ad-4249-b147-2dc6c8f389fb,Cirugia,5.88,59,35.38,400.0,239,161.0,Cirugia,62.0,-3.0
8533ee25-7a3b-4295-b118-4e85999a3065,Cirugia,7.68,55,35.18,194.0,251,-57.0,Cirugia,57.0,-2.0
364063a3-1ded-4b90-b41e-db26f0d71dad,Cirugia,8.77,52,34.77,43.0,256,-213.0,Cirugia,51.0,1.0
481adff8-7ef8-4319-b66a-d47d12201ffb,Cirugia,8.72,52,34.72,50.0,257,-207.0,Cx plastica,45.0,7.0
d4b49e2c-3a0a-4198-93b3-57827c5cc668,Cirugia,6.71,56,34.71,330.0,258,72.0,Cirugia,53.0,3.0
e5df7da0-086e-4359-b20f-62893e856289,Cirugia,7.7,54,34.7,189.0,259,-70.0,Cirugia,48.0,6.0
a860dd65-80d1-46fd-9fb3-b3ab21f15623,Cirugia,8.46,52,34.46,89.0,265,-176.0,Cirugia,50.0,2.0
e835615a-28c2-4f11-b785-6c8b477bbc17,Cirugia,6.82,55,34.32,308.0,268,40.0,Cx infantil,62.0,-7.0
93dd8ee0-e393-45c0-8771-83bf871467b1,Cirugia,7.05,54,34.05,278.0,270,8.0,Neurocirugia,62.0,-8.0
aba9def4-c16e-4d2d-adbd-b8fe1867eda0,Cirugia,6.04,56,34.04,390.0,271,119.0,Cx infantil,55.0,1.0
4b0be457-0a91-4be5-a058-1faa66bae878,Cirugia,6.41,54,33.41,357.0,278,79.0,Cirugia,62.0,-8.0
64a3bad6-cde0-488f-b33e-fb793a74af2b,Cirugia,8.28,50,33.28,114.0,281,-167.0,Cirugia,47.0,3.0
58b2071f-8609-47df-9055-b8b95fa22dff,Cirugia,5.3,55,32.8,421.0,290,131.0,Cirugia,55.0,0.0
c1a0dbaf-51d2-4078-8fc9-6bf4434c89bd,Cirugia,5.25,55,32.75,424.0,293,131.0,Anestesiologia,64.0,-9.0
45ef1da8-3525-4bf5-9fa8-f1ad35e9537e,Cirugia,6.62,52,32.62,340.0,298,42.0,Cirugia,54.0,-2.0
c8bb4c08-24b7-4fd3-85b5-030e678ac396,Cirugia,6.35,52,32.35,364.0,303,61.0,Cirugia,63.0,-11.0
35872c46-45b7-4c65-b459-09506c7f6f1f,Cirugia,7.98,48,31.98,151.0,306,-155.0,Cirugia,57.0,-9.0
58f33de3-cac5-412f-8b70-ad19aec67bbe,Cirugia,7.86,48,31.86,167.0,309,-142.0,Neurologia,43.0,5.0
38b06303-6fe3-438e-a5ef-67477a177018,Cirugia,6.8,50,31.8,312.0,310,2.0,Cirugia,58.0,-8.0
1b1a9dce-6e37-4d8d-a22a-f90b2cc95add,Cirugia,7.15,48,31.15,266.0,319,-53.0,Cx infantil,49.0,-1.0
67892891-b49a-4d33-a59b-f3a1535963b2,Cirugia,7.0,48,31.0,289.0,324,-35.0,Cirugia,56.0,-8.0
59d11f3d-b2d2-4f0b-9581-808975148dcc,Cirugia,6.55,45,29.05,349.0,353,-4.0,Cirugia,60.0,-15.0
77e85568-c6b7-4c09-8d73-c3a03e2bf722,Cirugia,5.94,45,28.44,396.0,360,36.0,Clinica medica,50.0,-5.0
00057780-37de-41d8-885f-17d3a73a5d0f,Cirugia,6.98,42,27.98,290.0,364,-74.0,Cirugia,56.0,-14.0
a498d103-2c8a-4055-a76c-3b585deb3d4d,Cirugia,,54,27.0,445.0,377,68.0,Cirugia,56.0,-2.0
f27f2daf-4460-42ee-9f5f-c502d176c60b,Cirugia,5.04,43,26.54,427.0,384,43.0,Cirugia,42.0,1.0
143ca2cd-885d-47ee-a186-1290e01d62aa,Cirugia,6.76,39,26.26,321.0,388,-67.0,Cirugia,35.0,4.0
6fc102de-d446-478f-aff2-627d72b2b31a,Cirugia,7.44,37,25.94,230.0,390,-160.0,Cirugia,44.0,-7.0
c58f5b1d-8b1e-4d97-814a-8fe3b89d28c5,Cirugia,4.66,42,25.66,436.0,394,42.0,Cx plastica,41.0,1.0
9ac19901-ad6c-43c4-b56d-2efb91f98a1d,Cirugia,6.12,39,25.62,382.0,395,-13.0,Cirugia,48.0,-9.0
411b3231-fef7-4952-8c74-8264b2e5f7d3,Cirugia,4.7,40,24.7,434.0,406,28.0,Cirugia,45.0,-5.0
e3e12245-f69b-4e76-ba16-0ded1f27bc02,Cirugia,6.0,36,24.0,392.0,409,-17.0,Cirugia,47.0,-11.0
031cd674-de09-4495-9114-5be738525adf,Cirugia,5.84,36,23.84,402.0,410,-8.0,Cirugia,55.0,-19.0
bf6f2120-8aec-46ae-8c5f-0d663210fcfb,Cirugia,5.3,37,23.8,422.0,412,10.0,Cirugia,48.0,-11.0
c93a9d50-1ab8-4e9f-a1af-809ebbd9ddc7,Cirugia,4.4,38,23.4,440.0,415,25.0,Cirugia,42.0,-4.0
b6bb7b00-5867-4f74-87ab-2634d0bfa1ae,Cirugia,5.3,36,23.3,423.0,417,6.0,Cirugia,54.0,-18.0
0cff3ff1-03c8-42e1-8ce5-31a7111d02f2,Cirugia,4.06,36,22.06,442.0,424,18.0,Cirugia,47.0,-11.0
8e3eef35-23eb-4054-a0b0-1fe795cfc55f,Cirugia,6.3,31,21.8,370.0,425,-55.0,Cirugia,50.0,-19.0
1b796ab2-c205-4669-9470-f68a0c674502,Cirugia,6.1,31,21.6,385.0,426,-41.0,Cirugia,39.0,-8.0
abf9f007-f837-40c4-b7ad-687bb718fe2f,Cirugia,4.6,34,21.6,438.0,427,11.0,Traumatologia,36.0,-2.0
b8dbf328-c1fd-4aa7-ba5d-a33d579a92b3,Cirugia,4.6,33,21.1,439.0,428,11.0,Cx infantil,40.0,-7.0
1ae7eb2e-bf2f-4112-9956-bc12721d513b,Cirugia,4.9,31,20.4,430.0,432,-2.0,Cirugia,39.0,-8.0
63a5f03c-2f6f-4a43-a8a8-7cca5c0bbac2,Cirugia,4.04,28,18.04,443.0,433,10.0,Cirugia,36.0,-8.0
4e751235-de39-4f04-bf57-e881924353ab,Cirugia,8.97,Ausente,,21.0,435,-414.0,Cirugia,57.0,
b34653b8-21fe-40c5-88af-c626cc286aba,Cirugia,6.68,Ausente,,336.0,442,-106.0,Cardiologia,75.0,
25e71486-54f9-48c8-9ecb-2477b19e152c,Cirugia,6.08,Ausente,,387.0,446,-59.0,Cirugia,65.0,
016bee9b-9b04-4295-a048-35660c7dc85b,Clinica medica,8.5,80,48.5,34.0,15,19.0,Tocoginecologia,80.0,0.0
4e6b33de-ef7a-485f-b918-7df48201457d,Clinica medica,7.91,80,47.91,94.0,17,77.0,Cirugia,74.0,6.0
50f33fac-78d8-4cf8-8d65-8352e4796fed,Clinica medica,8.08,70,43.08,72.0,62,10.0,Clinica medica,74.0,-4.0
fa3e2b17-8469-49f0-944a-4be9b3a00b63,Clinica medica,7.48,71,42.98,160.0,63,97.0,Familiar,79.0,-8.0
89da8447-2b84-4ac5-8b9f-787df1bd997d,Clinica medica,8.21,69,42.71,59.0,67,-8.0,Familiar,77.0,-8.0
7c0c6781-309a-4c09-a194-7ee61eaa4ecb,Clinica medica,8.15,67,41.65,68.0,82,-14.0,Pediatria,67.0,0.0
abee57d2-4ec6-4241-982e-86bf8fcf8045,Clinica medica,6.7,69,41.2,223.0,90,133.0,Tocoginecologia,74.0,-5.0
c7452ee7-1beb-4dc1-b89e-5791fca24969,Clinica medica,7.04,68,41.04,198.0,95,103.0,Dermatologia,68.0,0.0
5c4c6fa1-8e38-4898-b99d-2b4431e80fde,Clinica medica,6.08,69,40.58,252.0,100,152.0,UTI,63.0,6.0
a1c1cf2c-ad45-4032-bdf9-70b87c916dfd,Clinica medica,7.51,65,40.01,153.0,113,40.0,Cardiologia,70.0,-5.0
a1f2a6d9-a79c-483a-913e-d6cbd07d0e5b,Clinica medica,6.09,67,39.59,251.0,122,129.0,Traumatologia,59.0,8.0
3b428fa3-b857-409c-acc0-7739846c138f,Clinica medica,6.76,63,38.26,216.0,134,82.0,Tocoginecologia,73.0,-10.0
86aef2a2-e1db-489d-9199-0b1c93838472,Clinica medica,6.31,63,37.81,247.0,141,106.0,Clinica medica,64.0,-1.0
a323dcee-4c96-4c2a-94a2-e89bf177eff4,Clinica medica,6.2,57,34.7,249.0,179,70.0,Dermatologia,66.0,-9.0
4a95049e-4953-4d84-b3d4-3ad7ddd16bf2,Clinica medica,6.89,52,32.89,205.0,204,1.0,Cardiologia,52.0,0.0
b6c39e4f-97b2-4ce4-8729-edc2397d8ef5,Clinica medica,8.19,48,32.19,64.0,213,-149.0,Traumatologia,65.0,-17.0
668ded02-c698-43de-8e50-d067dd0bcf9a,Clinica medica,7.57,48,31.57,138.0,215,-77.0,Clinica medica,67.0,-19.0
8534ceb5-9ad2-470a-85b7-35d4fe666503,Clinica medica,5.38,48,29.38,274.0,238,36.0,Clinica medica,60.0,-12.0
48542ed6-dca8-49d9-af70-4d23094a0aba,Clinica medica,5.5,36,23.5,271.0,261,10.0,Clinica medica,40.0,-4.0
8ff1ca10-9ba3-49a4-abfe-01505163a240,Clinica medica,7.35,Ausente,,175.0,275,-100.0,Oncologia,60.0,
e2cb2d31-ec8b-49e8-84fb-2af911cc66ad,Clinica medica,5.63,Ausente,,267.0,281,-14.0,Gastroenterologia,50.0,
a58695d5-f178-4723-8150-f4fdfff99423,Cx cardiovascular,6.7,58,35.7,18.0,11,7.0,Cx cardiovascular,61.0,-3.0
14f7d5be-fa20-42c3-be5a-5b27a308593d,Cx cardiovascular,6.3,53,32.8,20.0,13,7.0,Cx cardiovascular,58.0,-5.0
b76f4de9-77fb-4c01-909e-8b1a82db0c22,Cx cardiovascular,7.48,44,29.48,12.0,20,-8.0,Cirugia,48.0,-4.0
8514fc67-8542-443f-8571-548ade4bac90,Cx cardiovascular infantil,7.33,62,38.33,4.0,3,1.0,Cirugia,64.0,-2.0
f66d7ff5-236b-4c9e-b21f-0b2075b7e402,Cx cardiovascular infantil,5.78,48,29.78,5.0,5,0.0,Cx infantil,61.0,-13.0
cbf6e8c8-f03b-4979-af11-7d9fb223bab1,Cx cardiovascular infantil,4.48,32,20.48,7.0,8,-1.0,Cx cardiovascular infantil,44.0,-12.0
73f8f412-7fee-4122-84a3-3a6794644e6d,Cx de torax,5.2,60,35.2,1.0,1,0.0,Cx cardiovascular infantil,59.0,1.0
c3ae4bbb-ba12-4294-8666-ceacd4e14ac6,Cx infantil,7.79,81,48.29,23.0,6,17.0,Cx infantil,73.0,8.0
bbc5067d-b121-43a6-8d81-bdb75b340b94,Cx infantil,7.5,74,44.5,27.0,10,17.0,Cx infantil,73.0,1.0
04236dec-d851-4df8-9174-691bdc4d16a5,Cx infantil,7.95,56,35.95,18.0,31,-13.0,Cx infantil,63.0,-7.0
af6229cc-20af-4cdb-a383-7a6687f8d988,Cx infantil,5.8,60,35.8,46.0,33,13.0,Pediatria,70.0,-10.0
fcf61216-4ff0-4c54-82e9-eb4dbad407d6,Cx infantil,7.81,52,33.81,22.0,38,-16.0,Cx infantil,46.0,6.0
3dfb7c97-35c2-46ea-b93b-2c4af22d8e21,Cx plastica,6.39,75,43.89,20.0,4,16.0,Tocoginecologia,77.0,-2.0
6db2bd75-50a1-45e2-b96e-3bdc3875a222,Cx plastica,8.44,61,38.94,6.0,7,-1.0,Cx plastica,61.0,0.0
0a7f4b86-deec-4f58-94a8-f5c816d64749,Cx plastica,8.8,52,34.8,2.0,12,-10.0,Cx plastica,58.0,-6.0
6e4dd460-c35b-4097-b654-f12f423fc21c,Cx plastica,6.81,Ausente,,16.0,24,-8.0,Anestesiologia,46.0,
53921cb3-ebf3-432e-a68e-7b8bcd6db8e9,Cx plastica,4.2,Ausente,,23.0,25,-2.0,Cx plastica,52.0,
f24d04ad-54b8-43f9-a94d-b5b5486c7a37,Dermatologia,9.16,82,50.16,10.0,6,4.0,Pediatria,84.0,-2.0
667057d2-026c-469c-825e-3aaceacb8d35,Dermatologia,8.37,80,48.37,62.0,10,52.0,Dermatologia,75.0,5.0
3aade698-b3cf-40d7-9f8e-baf3879bfc2a,Dermatologia,8.32,78,47.32,68.0,13,55.0,Dermatologia,73.0,5.0
fa5dbc0f-5b44-4e96-aee3-19b53f7e2f36,Dermatologia,6.04,81,46.54,208.0,18,190.0,Neurologia,74.0,7.0
3f7a90f0-ebbb-45c6-a6dd-f9ce64be3343,Dermatologia,8.1,75,45.6,100.0,26,74.0,Dermatologia,65.0,10.0
18dc7add-2eb2-4d2e-ae04-df3b0afcb70f,Dermatologia,7.98,72,43.98,111.0,35,76.0,Dermatologia,74.0,-2.0
5a0294cf-d1a6-44a8-a005-83af1dbfed0e,Dermatologia,7.36,71,42.86,157.0,43,114.0,Dermatologia,76.0,-5.0
53a68511-59ca-463d-929c-2023f7564d87,Dermatologia,7.57,70,42.57,146.0,46,100.0,Genetica,73.0,-3.0
0aae9a0c-a712-4bdb-8d4c-ab9ae4761f73,Dermatologia,6.69,71,42.19,187.0,52,135.0,Dermatologia,73.0,-2.0
123cafd4-77ab-4415-b4aa-8f4d7ec07cf3,Dermatologia,6.73,70,41.73,186.0,55,131.0,Neurocirugia,58.0,12.0
e50cb081-4168-4029-9d72-87e118357b8c,Dermatologia,6.0,70,41.0,209.0,63,146.0,Dermatologia,70.0,0.0
05ede11d-0460-46bc-9126-f66326cda67c,Dermatologia,9.07,60,39.07,13.0,77,-64.0,Dermatologia,54.0,6.0
63f225c7-65a2-47a8-afa0-2cb4657f3688,Dermatologia,6.38,64,38.38,199.0,88,111.0,Dermatologia,60.0,4.0
5dda5ef4-3af8-466d-99e8-b94634b760c6,Dermatologia,7.44,59,36.94,152.0,98,54.0,Dermatologia,69.0,-10.0
4f7e449a-116f-4a99-91e8-4f2c1166dc7d,Dermatologia,7.89,58,36.89,119.0,99,20.0,Anestesiologia,61.0,-3.0
0d31de93-7393-4f99-be24-13e0c50bc750,Dermatologia,7.24,58,36.24,165.0,107,58.0,Dermatologia,58.0,0.0
593c8433-9dc9-463e-a41d-7fe5ee11a2d5,Dermatologia,6.35,59,35.85,200.0,118,82.0,Dermatologia,75.0,-16.0
12fe448b-7d0e-4704-864d-6634eca84307,Dermatologia,5.77,60,35.77,210.0,121,89.0,Dermatologia,61.0,-1.0
5add075e-ec26-41f1-8038-ae3157e8a60e,Dermatologia,6.47,57,34.97,193.0,129,64.0,Tocoginecologia,67.0,-10.0
e88444a6-3e8b-4f5f-b8a5-4866a4306e94,Dermatologia,8.25,53,34.75,80.0,131,-51.0,Neurologia,62.0,-9.0
e3635013-c332-400a-b971-586fc7717656,Dermatologia,6.91,51,32.41,176.0,159,17.0,Dermatologia,69.0,-18.0
6db5f6f7-a033-46af-818a-6be8f85fb2d3,Dermatologia,8.29,47,31.79,72.0,166,-94.0,Endocrinologia,60.0,-13.0
10d3db83-05de-4862-ad25-f31ffdb24a2f,Dermatologia,8.0,39,27.5,108.0,191,-83.0,Dermatologia,54.0,-15.0
4572fa14-bfda-4e45-85b0-60cfd3bfdfda,Dermatologia,4.7,41,25.2,224.0,201,23.0,Cx plastica,60.0,-19.0
a216fdc7-50e1-4580-84b0-fc2f1910378e,Dermatologia,4.9,34,21.9,222.0,210,12.0,Anestesiologia,45.0,-11.0
d2d8550a-90c2-4d2d-a238-6fc0b7abe56e,Dermatologia,9.47,Ausente,,4.0,216,-212.0,Dermatologia,73.0,
43073eac-b973-4cf3-849c-2fa6b3cb2407,Dx por imagenes,8.67,79,48.17,30.0,7,23.0,Dx por imagenes,69.0,10.0
ce302fe8-730a-42df-9318-e99f8875f1f2,Dx por imagenes,7.79,75,45.29,119.0,15,104.0,Tocoginecologia,67.0,8.0
748b1a4c-8ce5-448d-abf2-a7c699b7f7bd,Dx por imagenes,7.48,73,43.98,154.0,17,137.0,Dx por imagenes,78.0,-5.0
77147704-ad23-43c3-a827-eefc323cb76c,Dx por imagenes,7.45,73,43.95,159.0,18,141.0,Gastroenterologia,69.0,4.0
52877554-9eb8-4c44-8b85-0cd3e6a9359f,Dx por imagenes,8.33,71,43.83,57.0,19,38.0,Neurocirugia,81.0,-10.0
56192937-72cf-444b-9844-05cde41bbb61,Dx por imagenes,7.57,71,43.07,147.0,23,124.0,Cx infantil,67.0,4.0
077b304d-d2f6-43dc-bc5a-0a0aa8271e07,Dx por imagenes,7.4,66,40.4,169.0,44,125.0,Familiar,71.0,-5.0
4059f492-2cde-40bf-890c-f4f8cd267fe6,Dx por imagenes,7.25,66,40.25,180.0,46,134.0,Anestesiologia,71.0,-5.0
0bcb6e94-1ede-4ea1-b7dd-1d901d102b18,Dx por imagenes,6.22,68,40.22,231.0,47,184.0,Cirugia,74.0,-6.0
991290fd-df7c-4bac-9b94-e41b183429df,Dx por imagenes,7.63,65,40.13,140.0,48,92.0,Anestesiologia,81.0,-16.0
afab5145-7b72-4278-b784-228320a3ccf8,Dx por imagenes,7.6,65,40.1,142.0,49,93.0,Dx por imagenes,72.0,-7.0
6d3ea3f4-ddc2-43c4-9159-2d26c997b57b,Dx por imagenes,7.02,66,40.02,198.0,52,146.0,Anestesiologia,77.0,-11.0
14a6f23a-5986-44eb-aaff-9db12afc29ba,Dx por imagenes,7.48,65,39.98,155.0,53,102.0,Tocoginecologia,62.0,3.0
c3fb9e50-91e1-456b-af82-a3b159a9afff,Dx por imagenes,6.23,66,39.23,230.0,62,168.0,Tocoginecologia,65.0,1.0
096f469c-753f-4c10-9410-a5b9c5f03ce9,Dx por imagenes,5.4,65,37.9,253.0,78,175.0,Anestesiologia,69.0,-4.0
18402416-1c5b-4585-87f8-337b88ff5f38,Dx por imagenes,5.77,60,35.77,244.0,107,137.0,Patologia,55.0,5.0
df3beb6e-5cdb-44ab-975c-2011ccb445e3,Dx por imagenes,8.55,53,35.05,42.0,117,-75.0,Dermatologia,59.0,-6.0
e5a86b41-d391-4b1c-9f8f-391af95a97f3,Dx por imagenes,6.94,54,33.94,205.0,130,75.0,Dx por imagenes,62.0,-8.0
0de5c2f0-7f56-4bab-b663-57f6c3e068b0,Dx por imagenes,8.88,49,33.38,19.0,137,-118.0,Gastroenterologia,38.0,11.0
6dda7f41-81c7-4e0c-b7b6-b52549131338,Dx por imagenes,6.28,52,32.28,228.0,154,74.0,Dx por imagenes,59.0,-7.0
efc8640d-b759-4162-8e02-dc21a637bb65,Dx por imagenes,8.6,47,32.1,39.0,156,-117.0,Cirugia,63.0,-16.0
1952e62f-ee41-45e9-9ea9-5db21042ac57,Dx por imagenes,5.6,53,32.1,249.0,157,92.0,Anestesiologia,66.0,-13.0
6213d4e7-420e-4be2-a420-4828bd7728dc,Dx por imagenes,5.5,53,32.0,251.0,160,91.0,Dermatologia,47.0,6.0
e820c274-0355-46cb-8a7e-b916c83e636d,Dx por imagenes,7.28,49,31.78,177.0,162,15.0,Dx por imagenes,47.0,2.0
1d2c1e17-bb84-4c5e-ada8-6b1bf011752a,Dx por imagenes,7.6,47,31.1,143.0,166,-23.0,Dx por imagenes,59.0,-12.0
ce912818-ec78-4f4f-9d3c-c2eef60e25d1,Dx por imagenes,6.14,49,30.64,233.0,173,60.0,Urologia,62.0,-13.0
1d3e3938-79db-4980-b966-30e22be246b1,Dx por imagenes,6.3,48,30.3,227.0,180,47.0,Traumatologia,55.0,-7.0
e53eea05-df2b-4859-8e92-410e6caf51d2,Dx por imagenes,7.78,45,30.28,123.0,181,-58.0,Anestesiologia,57.0,-12.0
4df779a7-c5f2-4bb7-b983-6e83020ef70e,Dx por imagenes,6.65,47,30.15,218.0,185,33.0,Dx por imagenes,57.0,-10.0
ce92a179-596c-494b-a444-5901e6982b2a,Dx por imagenes,7.16,45,29.66,190.0,192,-2.0,Tocoginecologia,60.0,-15.0
bca3cf8b-f74d-43be-ac08-c68bfcb6544b,Dx por imagenes,6.1,47,29.6,237.0,193,44.0,Dx por imagenes,52.0,-5.0
5df40c2c-3d2a-4d91-8463-02a1ba0ce363,Dx por imagenes,7.17,44,29.17,188.0,202,-14.0,Dx por imagenes,52.0,-8.0
2e6e3f70-6b53-47a7-b90e-b44a2f60c5fe,Dx por imagenes,7.68,42,28.68,133.0,209,-76.0,Neurologia,46.0,-4.0
3cf11b9a-7ca9-4a38-b320-89c7579fc274,Dx por imagenes,7.44,41,27.94,163.0,218,-55.0,Dx por imagenes,54.0,-13.0
b862da79-6c61-41ac-9534-fd1a09394e1e,Dx por imagenes,6.13,43,27.63,235.0,221,14.0,Anestesiologia,48.0,-5.0
751e0092-3b50-4744-8762-51f62465d778,Dx por imagenes,5.3,44,27.3,259.0,222,37.0,Cirugia,50.0,-6.0
ef52bee4-f778-4ca3-9ae9-79400e48c9d2,Dx por imagenes,6.14,42,27.14,234.0,223,11.0,Traumatologia,52.0,-10.0
d2315d23-1d78-4d8f-a650-09566118c8af,Dx por imagenes,5.37,43,26.87,255.0,227,28.0,Dx por imagenes,51.0,-8.0
0f0ec5a1-c9d6-4e1e-8136-771ea3c54f47,Dx por imagenes,4.9,42,25.9,263.0,233,30.0,Gastroenterologia,40.0,2.0
67a979ef-90d3-4725-a4e8-872ba3fdfc0f,Dx por imagenes,5.8,40,25.8,243.0,234,9.0,Traumatologia,47.0,-7.0
7467258d-1506-42eb-87f4-e46c9855ffd7,Dx por imagenes,5.12,36,23.12,261.0,248,13.0,Dx por imagenes,44.0,-8.0
98fb53b2-dc06-4500-b681-382a38b84369,Dx por imagenes,5.7,29,20.2,246.0,253,-7.0,Dermatologia,46.0,-17.0
e968b7d1-70e9-461e-8a63-79df0ee85b3f,Dx por imagenes,8.63,Ausente,,35.0,256,-221.0,Tocoginecologia,70.0,
213c4083-9a9e-4070-a2f0-df8d47fe5001,Dx por imagenes,6.87,Ausente,,210.0,267,-57.0,Cirugia,64.0,
92e26ff9-ccec-45f4-b382-5c641246b079,Dx por imagenes,4.7,Ausente,,265.0,268,-3.0,Dx por imagenes,42.0,
c239d008-d237-4990-bcea-4b3ed90103cb,Emergentologia,7.77,65,40.27,9.0,4,5.0,Cirugia,50.0,15.0
4e8eb88c-9d06-4015-92c2-8631346b139f,Emergentologia,6.78,61,37.28,19.0,10,9.0,Emergentologia,61.0,0.0
7e5a3d12-08d1-4a18-99f4-3d33091663fa,Emergentologia,7.88,50,32.88,7.0,15,-8.0,Traumatologia,65.0,-15.0
8a4d1010-5913-40ea-a0b8-d08a2253bfb6,Emergentologia,5.81,53,32.31,27.0,18,9.0,Emergentologia,62.0,-9.0
8f64f7ed-00a9-44a9-b252-7b92b5dd2d2e,Emergentologia,8.02,43,29.52,5.0,23,-18.0,Traumatologia,50.0,-7.0
6e4f8cea-afa9-479b-8d50-70789fd98bda,Endocrinologia,7.22,64,39.22,46.0,20,26.0,Endocrinologia,67.0,-3.0
d9455d05-ae63-4d38-b046-96a6a8f67fe7,Endocrinologia,6.8,64,38.8,51.0,24,27.0,Neurologia,49.0,15.0
54175fc4-e385-46dc-8221-9d55f80ad44d,Endocrinologia,5.9,54,32.9,63.0,47,16.0,Endocrinologia,57.0,-3.0
2c336ce4-5447-4c21-aab4-6e6a1a36a174,Endocrinologia,6.1,50,31.1,60.0,50,10.0,Gastroenterologia,67.0,-17.0
bade3ca8-3b81-4732-8ea0-d1722988517f,Endocrinologia,5.1,51,30.6,67.0,54,13.0,Neurologia,50.0,1.0
24454794-a2f7-479b-b932-4cd75f72a087,Endocrinologia,6.79,47,30.29,52.0,56,-4.0,Anestesiologia,54.0,-7.0
16cf8106-a42f-4eae-b03f-27593de91a26,Endocrinologia,7.16,38,26.16,47.0,62,-15.0,Familiar,63.0,-25.0
82dc894b-fc60-4b02-9590-2be960057c57,Familiar,8.74,80,48.74,7.0,3,4.0,Tocoginecologia,79.0,1.0
deafe707-aed5-49cd-af5e-2b79041af5b9,Familiar,9.14,77,47.64,2.0,4,-2.0,Pediatria,86.0,-9.0
36bd33df-0b97-4a09-a9b8-a72ec2306b22,Familiar,7.63,76,45.63,27.0,10,17.0,Tocoginecologia,81.0,-5.0
638dcffe-8855-4190-85ee-bbe573de10af,Familiar,7.22,63,38.72,40.0,39,1.0,Traumatologia,69.0,-6.0
f963c938-2dc3-4fd4-87a2-f28199121010,Familiar,6.59,63,38.09,64.0,42,22.0,Cirugia,68.0,-5.0
d96aec9b-5968-495b-8e24-bee3d3c7c764,Familiar,6.98,60,36.98,49.0,47,2.0,Pediatria,74.0,-14.0
5aae2af7-386d-4247-9701-69fdff5c098b,Familiar,5.81,56,33.81,83.0,62,21.0,Tocoginecologia,71.0,-15.0
eee6c0fc-f107-446e-a2f8-d7a04eb7af6e,Fisiatria,7.3,53,33.8,13.0,13,0.0,Dx por imagenes,69.0,-16.0
c2b86532-c549-4cba-ab27-8b3dd0de750f,Fisiatria,5.6,39,25.1,18.0,17,1.0,Fisiatria,35.0,4.0
487222ee-f687-4b53-81ab-9794189892b7,Gastroenterologia,9.08,71,44.58,15.0,20,-5.0,Cardiologia,69.0,2.0
e9d267d9-d757-4d49-aba0-a472f8d72ae9,Gastroenterologia,7.05,65,39.55,97.0,52,45.0,Gastroenterologia,64.0,1.0
fc6badff-c628-44f4-baf6-da7df18c019c,Gastroenterologia,8.6,60,38.6,39.0,58,-19.0,Oftalmologia,66.0,-6.0
20283b6a-3829-4a6d-84b3-62628dd48ffe,Gastroenterologia,9.06,58,38.06,16.0,61,-45.0,Cirugia,72.0,-14.0
221a7a2a-d073-4585-a967-1563dd18981a,Gastroenterologia,6.38,59,35.88,114.0,75,39.0,Gastroenterologia,61.0,-2.0
e602a03f-6c0c-4836-97df-6776e3233d67,Gastroenterologia,8.5,45,31.0,44.0,106,-62.0,Gastroenterologia,47.0,-2.0
f54e09e5-64ba-4862-a6c8-b4dcbbc3af58,Gastroenterologia,6.55,46,29.55,110.0,113,-3.0,Gastroenterologia,52.0,-6.0
f26f436f-c1cc-4cee-afe0-64c86a38c23e,Genetica,9.33,84,51.33,1.0,1,0.0,Pediatria,79.0,5.0
351739af-6471-46ce-81d6-2dddf119477e,Genetica,7.79,83,49.29,4.0,2,2.0,Pediatria,84.0,-1.0
df68e517-e7af-4277-be72-32ddcaff4fce,Genetica,7.54,71,43.04,5.0,4,1.0,Genetica,66.0,5.0
833c1bcb-9bd2-42da-93e7-d13ffff886d2,Geriatria,6.29,51,31.79,6.0,6,0.0,Familiar,59.0,-8.0
70557c2e-35e9-4c39-a308-0d34bd5f15f6,Hematologia,5.57,41,26.07,22.0,23,-1.0,Cardiologia,50.0,-9.0
eee095e4-f3bf-4761-bcd4-3786b20be8e9,Infectologia,6.43,67,39.93,25.0,17,8.0,Familiar,65.0,2.0
8a11f325-c057-4cd9-8be2-8fc1e0b01076,Infectologia,7.72,47,31.22,14.0,27,-13.0,Oftalmologia,58.0,-11.0
ad702a70-50b6-4f9b-91e3-101f4fd971f0,Nefrologia,8.66,61,39.16,13.0,10,3.0,Endocrinologia,64.0,-3.0
d5ba787c-364f-47a6-92df-c9b020bf1c8a,Nefrologia,6.07,63,37.57,28.0,16,12.0,Gastroenterologia,60.0,3.0
061f8e52-35f5-4e03-96ee-e25e2729b4fb,Nefrologia,5.0,39,24.5,32.0,32,0.0,Cardiologia,44.0,-5.0
d92eb068-68f1-4205-9ee7-41c83b1353db,Nefrologia,4.7,39,24.2,33.0,33,0.0,Traumatologia,37.0,2.0
872d6b38-119e-43d8-8d62-7d13c21d52e5,Neumonologia,7.88,51,33.38,10.0,9,1.0,Neumonologia,48.0,3.0
f2c5fd48-f51d-4507-9e90-8cd2b32b0c7e,Neumonologia,5.83,49,30.33,21.0,12,9.0,Emergentologia,49.0,0.0
fda875b2-6d78-4545-9c5e-f40ad99112e4,Neumonologia,6.03,48,30.03,19.0,13,6.0,Cardiologia,48.0,0.0
9b5c60d9-e4b4-4488-a0ad-92f8e914ea70,Neumonologia,7.81,37,26.31,11.0,18,-7.0,Reumatologia,47.0,-10.0
48502c0b-42d0-4933-9ece-aba40884a547,Neumonologia,5.96,35,23.46,20.0,20,0.0,Oftalmologia,42.0,-7.0
2332e0b8-f84f-42f2-9a5d-df81b8380c77,Neumonologia,4.6,37,23.1,22.0,21,1.0,UTI,52.0,-15.0
13e56368-cfe1-4115-8c4c-d0e4fe9e8e73,Neurocirugia,7.72,81,48.22,65.0,6,59.0,Neurocirugia,63.0,18.0
6a431972-e46a-4e09-b5e9-0d18f94bd9bc,Neurocirugia,6.95,80,46.95,90.0,10,80.0,Neurocirugia,63.0,17.0
3188d5bb-c85e-48ff-99fb-6fb132405988,Neurocirugia,7.9,77,46.4,53.0,13,40.0,Neurocirugia,73.0,4.0
f59cfec4-bc4d-49c2-9e88-0113a9c62256,Neurocirugia,8.09,75,45.59,42.0,17,25.0,Neurocirugia,74.0,1.0
773a3c27-828e-4a68-82f9-174be80b1c46,Neurocirugia,7.4,74,44.4,78.0,22,56.0,Neurocirugia,69.0,5.0
949cc0c9-2455-4754-be7e-49a7951cc692,Neurocirugia,8.13,71,43.63,39.0,26,13.0,Neurocirugia,71.0,0.0
1a712fea-4992-407e-8aa4-65cd4c0065b4,Neurocirugia,7.05,72,43.05,87.0,31,56.0,Neurocirugia,72.0,0.0
870c6a5b-1092-4393-b5a2-f0593e1f9867,Neurocirugia,7.55,69,42.05,71.0,36,35.0,Cirugia,70.0,-1.0
f5ab5990-a002-463d-b84a-582425c1139f,Neurocirugia,8.52,67,42.02,12.0,37,-25.0,Neurocirugia,67.0,0.0
1c2ed84f-c66a-4bef-9fa0-ecebbe35fe60,Neurocirugia,7.27,69,41.77,80.0,39,41.0,Anestesiologia,69.0,0.0
3b31763c-4977-435f-af9c-b78bafadfcfa,Neurocirugia,5.6,70,40.6,115.0,43,72.0,Neurocirugia,73.0,-3.0
89f589d8-b4ad-459c-b1da-168e699be45b,Neurocirugia,7.49,66,40.49,73.0,44,29.0,Neurocirugia,70.0,-4.0
1653975c-7c2d-42ae-8ba3-85b2f80cca64,Neurocirugia,6.7,65,39.2,97.0,52,45.0,Neurocirugia,51.0,14.0
7e2794d6-fe19-4088-b093-db94be159a14,Neurocirugia,6.39,62,37.39,105.0,59,46.0,Neurocirugia,59.0,3.0
3396a7a4-f3d1-4f39-bfe9-e27b2972cd4d,Neurocirugia,8.13,58,37.13,38.0,61,-23.0,Neurocirugia,65.0,-7.0
a5aa9e02-9875-47d6-8ac9-aded2a8d064d,Neurocirugia,5.6,56,33.6,114.0,76,38.0,Neurocirugia,53.0,3.0
0bac3d8d-9c71-413b-8199-6c635ca106e0,Neurocirugia,8.19,48,32.19,33.0,85,-52.0,Neurocirugia,62.0,-14.0
2594fb8e-588b-494e-969a-7472491bda0b,Neurocirugia,8.25,46,31.25,30.0,92,-62.0,Neurocirugia,56.0,-10.0
d13abf92-176a-44cb-a539-fe4bcfabb87d,Neurocirugia,6.85,48,30.85,94.0,94,0.0,Cirugia,47.0,1.0
85bdba7b-5889-435e-a243-947d421a82fd,Neurocirugia,6.0,49,30.5,108.0,95,13.0,Neurocirugia,47.0,2.0
1f2fee1d-bf67-4558-a83e-8cda93f97320,Neurocirugia,7.96,45,30.46,50.0,96,-46.0,Neurocirugia,45.0,0.0
594183e9-1aa6-43e0-a36a-f87da163ce0a,Neurocirugia,8.41,43,29.91,17.0,100,-83.0,Neurocirugia,47.0,-4.0
e622c289-7ea8-4821-bcf7-013e835f0ce8,Neurocirugia,7.78,41,28.28,63.0,107,-44.0,Neurocirugia,47.0,-6.0
e95c8416-f23d-4d58-9e86-99cffc89338c,Neurologia,8.14,77,46.64,25.0,9,16.0,Neurologia,85.0,-8.0
c00eb97d-f8da-44cd-9582-a8d1b3b86514,Neurologia,6.88,69,41.38,74.0,35,39.0,Neurologia,65.0,4.0
473c0b9d-681f-4fd6-b976-6ddee5c1c453,Neurologia,6.95,68,40.95,67.0,38,29.0,Neurologia,66.0,2.0
1e7c3128-68ab-4107-9639-538f6fc1e1e2,Neurologia,7.18,66,40.18,55.0,47,8.0,Emergentologia,57.0,9.0
41405e38-b54a-4ccd-9668-2ab21fc6731f,Neurologia,6.72,66,39.72,83.0,50,33.0,Neurologia,74.0,-8.0
c756bd4f-8f7b-4a78-9684-9b47a29a1d0f,Neurologia,7.09,63,38.59,61.0,52,9.0,Neurocirugia,72.0,-9.0
bfb833a9-46a0-469f-9024-1328647cdb38,Neurologia,7.26,61,37.76,52.0,57,-5.0,Neurologia,73.0,-12.0
56536b52-9c7f-4a96-b0fa-e4be774da0ba,Neurologia,7.07,61,37.57,62.0,58,4.0,Neurocirugia,68.0,-7.0
86702576-e3cc-43ac-a207-7c90997838fe,Neurologia,8.02,58,37.02,31.0,61,-30.0,Neurocirugia,80.0,-22.0
9aa106df-8eda-4665-a8db-0dc0cf435523,Neurologia,6.66,58,35.66,84.0,67,17.0,Neurologia,59.0,-1.0
4bc565bd-37e3-4756-a5da-680501727132,Neurologia,5.0,61,35.5,98.0,68,30.0,Neurologia,65.0,-4.0
25df59f6-10bc-47d3-a233-a7ab7a6a638c,Neurologia,7.19,53,33.69,54.0,75,-21.0,Neurologia,68.0,-15.0
f935ef44-12a7-4446-a55f-7e9b86b9a0aa,Neurologia,6.2,47,29.7,90.0,87,3.0,Cx cardiovascular,54.0,-7.0
6752b9d4-026f-4f69-9d4b-e9426d005463,Neurologia,6.05,33,22.55,92.0,94,-2.0,Neurologia,44.0,-11.0
191ee3c1-12c5-4991-bd36-66eeed58e172,Neurologia,4.3,36,22.3,99.0,96,3.0,Emergentologia,51.0,-15.0
42e2f33a-3002-4ed7-9d3c-3ee793bf22c5,Neurologia,6.53,Ausente,,86.0,99,-13.0,Oftalmologia,70.0,
14ffd143-3747-42eb-bc7f-8ad665b1e11e,Neurologia,6.2,Ausente,,89.0,100,-11.0,Neurologia,72.0,
dc60ac1e-b84c-4c69-814b-d0dd6c71386e,ORL,7.81,87,51.31,106.0,1,105.0,ORL,67.0,20.0
dfcb716d-5bea-401f-ba2a-aa19552ef01b,ORL,8.28,84,50.28,80.0,2,78.0,Cirugia,80.0,4.0
3ec4c960-d8c7-4566-830e-0b50505e44cc,ORL,7.85,75,45.35,104.0,14,90.0,Tocoginecologia,74.0,1.0
2b03a92e-6bd1-4fe8-9425-362797affc48,ORL,7.57,74,44.57,118.0,22,96.0,Tocoginecologia,62.0,12.0
f1e4411b-c98f-4bc1-9384-1f5c5b003f52,ORL,7.53,72,43.53,121.0,29,92.0,ORL,63.0,9.0
2fbd2be9-6fcd-4eee-a4ed-45682920ced1,ORL,8.52,66,41.52,59.0,42,17.0,Neurocirugia,65.0,1.0
558663b3-3248-4868-9934-05eb84ff0176,ORL,7.65,66,40.65,110.0,54,56.0,Cirugia,67.0,-1.0
952a8ee1-8b19-48a4-99e9-077ebea06ada,ORL,7.07,66,40.07,144.0,58,86.0,ORL,62.0,4.0
2eae0b0f-e51b-41f2-9845-4052846a11d9,ORL,5.95,64,37.95,176.0,78,98.0,ORL,62.0,2.0
b35dd5af-212c-47bc-8283-d9aa6b50d6a4,ORL,7.18,55,34.68,138.0,103,35.0,ORL,65.0,-10.0
6d7c8e78-35ee-4ff8-9db5-4d731b2ea93c,ORL,9.0,51,34.5,13.0,105,-92.0,ORL,49.0,2.0
638d0480-5f79-43a2-b02c-ed2e636cdc1e,ORL,8.7,51,34.2,46.0,108,-62.0,Cirugia,37.0,14.0
bb746933-9e59-45f0-a286-8da85c1967ad,ORL,6.96,52,32.96,149.0,124,25.0,ORL,56.0,-4.0
9745dcdd-2e66-43b7-b259-e731b896e025,ORL,7.1,51,32.6,143.0,129,14.0,ORL,54.0,-3.0
8c575710-0767-4129-9645-9650bdbbae84,ORL,7.5,47,31.0,125.0,139,-14.0,ORL,57.0,-10.0
e912a90c-1cdb-4f67-9559-90e469af4d0b,ORL,8.28,45,30.78,79.0,140,-61.0,ORL,52.0,-7.0
05a09a87-5bf8-4f07-88e5-5769a7e74234,ORL,5.86,49,30.36,178.0,142,36.0,ORL,53.0,-4.0
4e97fa8a-c9a6-4260-95e3-5c4a32752e58,ORL,6.75,44,28.75,156.0,151,5.0,Cirugia,46.0,-2.0
70ac2afa-2238-435d-8ba0-41f8775e07d5,ORL,6.11,44,28.11,170.0,155,15.0,ORL,49.0,-5.0
913394db-3e79-42d8-b2cd-a8d5e17c0cc9,ORL,7.0,39,26.5,147.0,159,-12.0,ORL,55.0,-16.0
c49d3791-7d05-4b60-a86d-59874fbba2c1,ORL,7.03,37,25.53,145.0,164,-19.0,ORL,42.0,-5.0
9de4c68f-352e-4320-b72e-deeb266d375d,ORL,8.9,Ausente,,25.0,174,-149.0,ORL,41.0,
898065d3-fd7b-4ed5-b3f8-3c478df9cde9,ORL,7.87,Ausente,,102.0,176,-74.0,ORL,51.0,
7f0bea34-4c0f-4b7a-9e7a-05ceda9d1a02,Oftalmologia,8.26,85,50.76,67.0,3,64.0,Cirugia,79.0,6.0
a941b9d1-b077-4bd7-8d6d-1e33e563c1da,Oftalmologia,7.4,82,48.4,125.0,12,113.0,Urologia,76.0,6.0
262aaa1e-ca81-4696-ac26-fd2b0f4a77d1,Oftalmologia,8.16,76,46.16,74.0,23,51.0,Oftalmologia,73.0,3.0
923cc7ed-39c1-42d4-b2eb-abdb600860dc,Oftalmologia,8.65,75,46.15,36.0,24,12.0,Oftalmologia,71.0,4.0
aa53636e-e5f1-49c4-8d66-d9839d12ee4b,Oftalmologia,8.75,73,45.25,29.0,28,1.0,Anestesiologia,74.0,-1.0
3493542b-269c-43c1-91d4-10d359a77183,Oftalmologia,7.86,74,44.86,94.0,30,64.0,Oftalmologia,73.0,1.0
81a98e52-5787-4ea1-a5ef-1e15549ab8b2,Oftalmologia,7.32,73,43.82,135.0,40,95.0,Urologia,75.0,-2.0
f39cea04-0d26-4b74-8ded-8bbd1de3404b,Oftalmologia,8.32,70,43.32,59.0,42,17.0,Oftalmologia,72.0,-2.0
c8124b8c-99aa-436e-bf0d-95d1b214b0e5,Oftalmologia,6.98,71,42.48,165.0,45,120.0,Cirugia,66.0,5.0
0eef54e7-020e-4b84-b71f-51f153694575,Oftalmologia,6.27,72,42.27,197.0,49,148.0,Oftalmologia,73.0,-1.0
7e91bf61-3fb2-4312-9195-1484ac26e34e,Oftalmologia,7.76,69,42.26,101.0,50,51.0,Oftalmologia,77.0,-8.0
c3812b67-d346-4573-8f61-c54af4d69b3c,Oftalmologia,7.66,69,42.16,109.0,52,57.0,Neurocirugia,76.0,-7.0
e74784e0-8ee1-4eac-931e-9eebcb6ad748,Oftalmologia,7.88,68,41.88,93.0,56,37.0,Anestesiologia,78.0,-10.0
f37683f0-3e2c-4c09-8bd7-b6ec6479e3ce,Oftalmologia,6.76,70,41.76,181.0,57,124.0,Anestesiologia,70.0,0.0
80c90036-e32a-44d3-b1b2-487000cc5aef,Oftalmologia,7.18,68,41.18,143.0,62,81.0,Oftalmologia,66.0,2.0
6ef324b7-397c-4950-bc36-fb53e2099e6f,Oftalmologia,6.65,67,40.15,186.0,78,108.0,Oftalmologia,65.0,2.0
68affb40-4e5c-435f-9b2b-dabd693e695d,Oftalmologia,6.02,68,40.02,208.0,80,128.0,Oftalmologia,72.0,-4.0
55f1c0f0-5888-4322-a22d-9684741ed62e,Oftalmologia,6.91,62,37.91,170.0,115,55.0,Oftalmologia,72.0,-10.0
40cbb1ba-8dc0-4674-9451-512df0e4cda4,Oftalmologia,6.79,62,37.79,179.0,116,63.0,Traumatologia,56.0,6.0
a966480e-98a1-462a-b87d-dd316fdef36f,Oftalmologia,6.52,61,37.02,191.0,123,68.0,Cirugia,68.0,-7.0
5164c144-3e98-41e2-9d88-8f6e53b03ca9,Oftalmologia,8.23,57,36.73,69.0,127,-58.0,ORL,72.0,-15.0
491012fc-55ef-484c-92b0-a4187c023413,Oftalmologia,6.38,60,36.38,194.0,129,65.0,Cirugia,63.0,-3.0
c8886e78-9f5d-4d67-8d3e-aea6589a0e2e,Oftalmologia,6.21,57,34.71,200.0,142,58.0,Oftalmologia,58.0,-1.0
dd16257f-7eac-4565-a5b7-81efca2ad742,Oftalmologia,5.23,58,34.23,221.0,148,73.0,Oftalmologia,61.0,-3.0
58110003-4463-433b-a53a-bd9f1120e4db,Oftalmologia,6.64,55,34.14,187.0,149,38.0,Oftalmologia,56.0,-1.0
bde690e5-92ad-43fd-a895-708b7d91c8b0,Oftalmologia,5.3,55,32.8,220.0,156,64.0,Oftalmologia,62.0,-7.0
2e5ad5f2-b1d7-4659-b83d-0c7c084c9007,Oftalmologia,7.51,50,32.51,116.0,160,-44.0,Oftalmologia,65.0,-15.0
2279c90b-e063-49fd-8758-4230b8c3d456,Oftalmologia,5.98,52,31.98,211.0,161,50.0,Oftalmologia,53.0,-1.0
c284e966-40b9-4ddf-9b8a-97e86deda2cb,Oftalmologia,9.08,43,30.58,11.0,171,-160.0,Pediatria,75.0,-32.0
c90c7b0c-e947-4117-85f0-e283fd5a6122,Oftalmologia,7.0,32,23.0,164.0,207,-43.0,Alergia,40.0,-8.0
7c235650-5f27-4f6e-8958-37d995437d7a,Oftalmologia,5.76,31,21.26,215.0,211,4.0,Cirugia,48.0,-17.0
bea427a9-7dfa-48d8-ba05-43ffdbd0f7f2,Oftalmologia,8.76,Ausente,,26.0,214,-188.0,Urologia,72.0,
c1c4996f-2bf4-4814-8bd0-f56a8f79bc7b,Oncologia,7.09,71,42.59,18.0,7,11.0,Anestesiologia,72.0,-1.0
27fbd0ee-f354-43cb-acca-b1ef33321d58,Oncologia,8.62,63,40.12,4.0,13,-9.0,Oncologia,40.0,23.0
00fe7f2e-9801-4a7a-a8ec-7c9e376aa821,Patologia,7.99,79,47.49,14.0,1,13.0,Pediatria,67.0,12.0
d5fc2e04-d2bd-4f09-a312-2760c85afb4a,Patologia,6.67,81,47.17,42.0,4,38.0,Tocoginecologia,73.0,8.0
dca265ae-cd4a-4bce-86ee-5ec7d2e607fd,Patologia,7.94,75,45.44,15.0,6,9.0,Anestesiologia,77.0,-2.0
2313e47f-eb86-4d8d-be63-7607ba77fc4f,Patologia,6.8,71,42.3,38.0,13,25.0,Dx por imagenes,66.0,5.0
8623821a-914c-43e0-b51a-7a3c02bceecd,Patologia,8.28,59,37.78,8.0,27,-19.0,Pediatria,76.0,-17.0
52c76ddf-426e-42a8-8f76-91cd48d50c9f,Patologia,7.58,49,32.08,23.0,41,-18.0,Patologia,45.0,4.0
9575bffc-6461-49af-a3fb-59717b03f12b,Patologia,7.72,47,31.22,21.0,45,-24.0,Dermatologia,54.0,-7.0
0538f1e7-6d82-424f-8fa5-a769956caed0,Pediatria,7.93,77,46.43,157.0,42,115.0,ORL,74.0,3.0
457aec0f-d471-4881-9bf0-a439115d1287,Pediatria,7.77,77,46.27,190.0,43,147.0,Tocoginecologia,75.0,2.0
0790be23-9b92-49eb-8203-7b8a0b953390,Pediatria,7.94,67,41.44,156.0,123,33.0,Anestesiologia,64.0,3.0
a9d4253e-9fa9-4d91-8161-be91e34239d2,Pediatria,7.93,58,36.93,158.0,227,-69.0,Cx infantil,67.0,-9.0
649c10a4-1758-4016-b456-e7da4a2bbf23,Pediatria,7.2,58,36.2,242.0,242,0.0,Tocoginecologia,60.0,-2.0
9307c027-8fdb-493d-876d-cd57e65234ca,Pediatria,8.0,56,36.0,147.0,246,-99.0,Pediatria,50.0,6.0
ce753f1a-506a-4e19-9ef7-7f4d33d946cc,Pediatria,7.74,51,33.24,194.0,286,-92.0,Pediatria,61.0,-10.0
75cc855a-2ba4-4db5-b4ef-07d3dd345b36,Pediatria,8.02,50,33.02,140.0,288,-148.0,Pediatria,60.0,-10.0
f0487972-80a3-4701-9de9-96eef2f179d9,Pediatria,6.83,51,32.33,285.0,294,-9.0,Pediatria,60.0,-9.0
b40df2d5-cffe-4bac-9fce-468f5cb7f1ee,Pediatria,8.1,44,30.1,130.0,330,-200.0,Pediatria,45.0,-1.0
495ac3ad-ab19-4dfd-b8fa-4deb6c2346a7,Pediatria,6.0,43,27.5,352.0,352,0.0,Tocoginecologia,46.0,-3.0
904c6a94-cf10-4349-a407-2ed420fa3add,Pediatria,5.6,43,27.1,369.0,355,14.0,Dermatologia,44.0,-1.0
0475ea69-8cbe-4b29-bcbb-994690ba3863,Pediatria,5.89,Ausente,,357.0,393,-36.0,Tocoginecologia,57.0,
f47bb05c-8953-4c23-b158-64a928253161,Psiquiatria,7.95,75,45.45,59.0,10,49.0,Psiquiatria infanto juvenil,75.0,0.0
1d5e12fa-12b0-499c-8597-6a3bd86c3b2a,Psiquiatria,6.42,78,45.42,128.0,12,116.0,Clinica medica,73.0,5.0
6aad455c-35a5-446f-97a6-5c04b5213d3e,Psiquiatria,8.21,72,44.21,38.0,23,15.0,Anestesiologia,76.0,-4.0
0b312dcd-65e8-4b00-ac9e-eb53bed5ac60,Psiquiatria,6.49,56,34.49,125.0,101,24.0,Urologia,60.0,-4.0
04b091a2-a627-458e-afae-aa8050088684,Psiquiatria,4.6,41,25.1,148.0,137,11.0,Psiquiatria,36.0,5.0
ef8ae448-f3b2-4d8a-9686-d4482595f893,Psiquiatria,5.33,37,23.83,141.0,138,3.0,Traumatologia,47.0,-10.0
a6ad8ff5-6c16-4617-ae78-ed4160107f74,Psiquiatria,5.05,37,23.55,144.0,139,5.0,Dx por imagenes,48.0,-11.0
34b210f5-4c4c-4d6f-8e24-7e0be386c130,Psiquiatria,5.28,Ausente,,142.0,149,-7.0,Psiquiatria,52.0,
365d7253-5c22-4d5a-a522-a6ff1ac0b354,Reumatologia,7.93,36,25.93,10.0,13,-3.0,Reumatologia,57.0,-21.0
e42c5034-6ca5-4c6c-804a-68928cf99449,Reumatologia,6.0,34,23.0,14.0,14,0.0,Reumatologia,35.0,-1.0
3b34f429-b113-42a1-8f20-9f51a7d3c511,Reumatologia,4.7,31,20.2,15.0,15,0.0,Endocrinologia,44.0,-13.0
9840514d-2278-45e4-8946-6dae23c5f854,Tocoginecologia,9.0,81,49.5,27.0,15,12.0,Cardiologia,74.0,7.0
8b74330b-308b-4e0c-9cd2-88f5001ef66d,Tocoginecologia,7.25,76,45.25,205.0,55,150.0,Tocoginecologia,65.0,11.0
4762d312-93ea-4438-af0c-93d7740be6bc,Tocoginecologia,8.19,74,45.19,88.0,57,31.0,Tocoginecologia,73.0,1.0
326f9f23-0485-4ded-b5a1-0a8db790c892,Tocoginecologia,7.22,74,44.22,209.0,69,140.0,Tocoginecologia,84.0,-10.0
1880c50d-e87e-4114-9321-c3e2d7fc9ebe,Tocoginecologia,7.96,69,42.46,119.0,98,21.0,Tocoginecologia,60.0,9.0
730c41fe-fa9d-40b3-9457-4adc6dbaf6c4,Tocoginecologia,7.93,68,41.93,125.0,105,20.0,Tocoginecologia,71.0,-3.0
2d5be49b-4fab-4892-a20a-ad7dc55a6583,Tocoginecologia,7.61,68,41.61,166.0,113,53.0,Tocoginecologia,77.0,-9.0
3f4290ca-f8c6-4536-be16-5495dead0def,Tocoginecologia,7.13,67,40.63,224.0,133,91.0,Tocoginecologia,65.0,2.0
42fd4e24-d702-4b93-954f-56ebbf2ba46d,Tocoginecologia,7.75,65,40.25,148.0,139,9.0,Tocoginecologia,71.0,-6.0
5d25e575-42b0-4d76-9b07-f463c3789bf1,Tocoginecologia,6.72,66,39.72,259.0,147,112.0,Tocoginecologia,53.0,13.0
0a980a3a-a81b-41bc-bac4-8ff58cdb7d04,Tocoginecologia,6.57,66,39.57,274.0,152,122.0,Tocoginecologia,71.0,-5.0
e18a64fc-01c1-475e-82ef-bd726fb6c675,Tocoginecologia,7.68,60,37.68,154.0,172,-18.0,Tocoginecologia,54.0,6.0
e971d46b-42a3-4b41-8b24-7701dd47ae13,Tocoginecologia,5.4,62,36.4,309.0,194,115.0,Cirugia,64.0,-2.0
75dd12fa-7fc8-4118-b903-5fea1be37c93,Tocoginecologia,6.6,59,36.1,270.0,205,65.0,Tocoginecologia,62.0,-3.0
08481324-a4f6-46a4-bc29-820f08ff2f44,Tocoginecologia,7.2,57,35.7,213.0,211,2.0,Tocoginecologia,57.0,0.0
7eed8a33-d0ae-4519-91a6-6e42c1eb86a5,Tocoginecologia,5.43,60,35.43,308.0,215,93.0,Tocoginecologia,59.0,1.0
b3ae4e87-6500-47bb-a4a4-cfac682fcf60,Tocoginecologia,7.28,51,32.78,202.0,247,-45.0,Cirugia,56.0,-5.0
64b109a3-60c7-4195-927b-ac1897fa4892,Tocoginecologia,7.05,51,32.55,232.0,249,-17.0,Tocoginecologia,57.0,-6.0
97c4ef66-9913-451c-9b58-34715007ae1e,Tocoginecologia,7.38,50,32.38,191.0,254,-63.0,Clinica medica,54.0,-4.0
df6f7b7a-67c5-4a52-a39d-8f7375e1c2cb,Tocoginecologia,7.13,49,31.63,223.0,263,-40.0,Tocoginecologia,58.0,-9.0
3d2bc425-9a6b-406d-a08e-713afbbcf3ae,Tocoginecologia,9.02,43,30.52,25.0,268,-243.0,Tocoginecologia,47.0,-4.0
5b0b3642-e886-4507-b01f-4ad1b99b12ed,Tocoginecologia,5.87,49,30.37,295.0,269,26.0,Tocoginecologia,65.0,-16.0
7090fdc5-9283-47de-97f8-59b2155d2b77,Tocoginecologia,4.74,47,28.24,311.0,282,29.0,Tocoginecologia,43.0,4.0
73fd3e67-2ae7-4c34-b147-9cfdb2856b66,Tocoginecologia,4.7,46,27.7,312.0,285,27.0,Tocoginecologia,54.0,-8.0
e3929a7d-2ad4-4ee1-8adf-3975bfdb7fb9,Tocoginecologia,8.01,Ausente,,112.0,298,-186.0,Cirugia,68.0,
15acd9aa-6c82-4a2f-afa2-2de858ee6b83,Tocoginecologia,6.93,Ausente,,244.0,311,-67.0,Cirugia,73.0,
4e9c93e8-870e-4653-b06d-781833e87d9a,Traumatologia,8.02,79,47.52,96.0,6,90.0,Traumatologia,77.0,2.0
ae33f770-9bfc-4705-a78d-23373851a7f8,Traumatologia,7.53,75,45.03,146.0,12,134.0,Traumatologia,53.0,22.0
0531f0e2-6df4-409c-a5cf-cfa8bd8db0d8,Traumatologia,7.46,73,43.96,152.0,19,133.0,Anestesiologia,72.0,1.0
2ad72695-4629-48d8-9754-87033b06e321,Traumatologia,7.79,61,38.29,124.0,70,54.0,Cardiologia,58.0,3.0
1ce251e7-aadc-4d25-9390-480cc4ed8801,Traumatologia,6.28,64,38.28,219.0,71,148.0,Neurocirugia,59.0,5.0
0ded03dc-28ec-47a3-910a-4b4b09d0479a,Traumatologia,4.7,67,38.2,246.0,72,174.0,Traumatologia,49.0,18.0
aa2e1165-88f8-4007-a55e-547fcc868e41,Traumatologia,7.13,61,37.63,180.0,78,102.0,Traumatologia,64.0,-3.0
abceb023-8f1e-49fa-b358-32dc95850be7,Traumatologia,6.51,61,37.01,214.0,87,127.0,Cirugia,61.0,0.0
99ccf217-0217-4b11-889c-ce3d740df8dd,Traumatologia,7.89,58,36.89,111.0,88,23.0,Traumatologia,51.0,7.0
a1d626fa-15ed-4c8c-938e-3180e927175c,Traumatologia,7.23,51,32.73,171.0,138,33.0,Cirugia,56.0,-5.0
f8a374c7-e3c6-401d-aaaf-b08d24b887dd,Traumatologia,8.37,47,31.87,59.0,150,-91.0,Cirugia,65.0,-18.0
ba442b9a-54d8-49fe-b908-556c81b8ba1d,Traumatologia,7.75,45,30.25,128.0,171,-43.0,Cirugia,37.0,8.0
df128a4a-f0af-4d13-aa93-0b3985300480,Traumatologia,5.8,45,28.3,230.0,195,35.0,Traumatologia,49.0,-4.0
a1515c5e-5220-4d93-95c2-c05864ab8802,Traumatologia,5.28,46,28.28,239.0,197,42.0,Traumatologia,49.0,-3.0
89cf0fca-603b-403a-a42d-213cf6e0537a,Traumatologia,6.12,43,27.62,222.0,203,19.0,Traumatologia,52.0,-9.0
d2a5e450-f1ef-4ef2-92b7-905f5ad7545c,Traumatologia,7.38,39,26.88,159.0,209,-50.0,Clinica medica,57.0,-18.0
942ff0ae-23da-4922-86a8-71785f8e5451,Traumatologia,5.86,41,26.36,228.0,215,13.0,Oftalmologia,56.0,-15.0
a61f99a6-8392-41bd-a7a9-d154e7f4ea82,Traumatologia,8.64,35,26.14,45.0,218,-173.0,Cirugia,46.0,-11.0
1f7ff8dd-a5b1-4094-87e3-605480c5ffbb,Traumatologia,6.01,39,25.51,224.0,222,2.0,Cardiologia,53.0,-14.0
e491c23b-e4b2-4787-a974-c3c2071a8298,Traumatologia,5.1,34,22.1,242.0,235,7.0,Traumatologia,51.0,-17.0
747ddb25-9ddd-429c-9f59-83e07969da80,Traumatologia,4.0,36,22.0,253.0,236,17.0,Traumatologia,48.0,-12.0
979c5a9f-959c-417f-ba33-a35fa52702d6,Traumatologia,4.8,33,21.3,245.0,240,5.0,Traumatologia,43.0,-10.0
129a72be-c3a6-4ff9-8724-73ac22228e06,Traumatologia,4.2,34,21.2,250.0,241,9.0,Cirugia,36.0,-2.0
6092d0dc-b6e1-40d8-a2c5-4e7866e0dc68,Traumatologia,,29,14.5,257.0,247,10.0,Cirugia,41.0,-12.0
9358152e-e096-41e8-a89c-c8a4ff71af77,Traumatologia,5.4,Ausente,,237.0,261,-24.0,Neurocirugia,35.0,
9d70f8c9-912a-4b21-abcf-7f7a702a9364,UTI,6.56,80,46.56,68.0,4,64.0,Anestesiologia,75.0,5.0
0e7110a5-4ff1-4967-bce4-4fe195b06f22,UTI,6.93,70,41.93,56.0,18,38.0,Cardiologia,75.0,-5.0
16d1ee4f-ecd6-496d-9531-0df849a81ae0,UTI,6.15,71,41.65,76.0,19,57.0,Anestesiologia,68.0,3.0
37c21fc8-5cd7-4844-ad86-143afa435c5b,UTI,7.62,66,40.62,39.0,25,14.0,Cirugia,67.0,-1.0
f2cc487a-b1cf-45b4-9092-b558e40b6a29,UTI,7.28,60,37.28,49.0,36,13.0,Cirugia,75.0,-15.0
2aed5e38-2f8f-48b0-bba5-97af8054ad9d,UTI,5.18,55,32.68,85.0,58,27.0,UTI,68.0,-13.0
f78e5efd-13a1-40c4-87b2-673f73f1eadd,UTI,4.9,51,30.4,87.0,67,20.0,UTI,45.0,6.0
702c728e-d649-4926-9150-1b8c26b4854a,UTI,6.7,44,28.7,65.0,73,-8.0,UTI,52.0,-8.0
5806dc31-72ca-4550-839e-e80fc431aa27,UTI,4.7,40,24.7,91.0,85,6.0,Clinica medica,50.0,-10.0
90ed3a8b-3868-4b90-bc90-d737f90dcdb4,Urologia,7.69,79,47.19,77.0,8,69.0,Cirugia,86.0,-7.0
077d03d8-6220-4a3e-a240-8e896d34f932,Urologia,7.2,76,45.2,107.0,12,95.0,Urologia,71.0,5.0
3605df5b-75f7-493e-8a79-3c0e8ffe7859,Urologia,7.33,71,42.83,103.0,21,82.0,Urologia,62.0,9.0
c68b6692-fcbe-4f00-9e23-62bbb881fee6,Urologia,7.52,70,42.52,90.0,22,68.0,Urologia,67.0,3.0
180804b2-e6ba-4f07-9b83-d48b49f184c0,Urologia,6.28,71,41.78,125.0,26,99.0,Urologia,61.0,10.0
5c1bd982-121c-43d9-bc93-230d9523ee65,Urologia,7.56,68,41.56,86.0,28,58.0,Urologia,67.0,1.0
afd68e96-c39c-456d-b280-6642c76246e3,Urologia,8.81,65,41.31,18.0,33,-15.0,Urologia,47.0,18.0
208554a8-e062-438c-8017-a37252ec620c,Urologia,7.25,68,41.25,106.0,34,72.0,Urologia,71.0,-3.0
3d78b13f-129e-4df7-90be-d9ece9153f1f,Urologia,6.36,67,39.86,122.0,38,84.0,Urologia,55.0,12.0
06f06701-0b03-4ffa-acf3-a1db6f040e56,Urologia,7.75,64,39.75,74.0,39,35.0,Urologia,65.0,-1.0
4feb0843-7884-4edf-8b37-ab05e74e3834,Urologia,8.02,60,38.02,60.0,57,3.0,Urologia,66.0,-6.0
f96a6ab1-3680-4fba-834e-51be49585879,Urologia,8.02,60,38.02,61.0,58,3.0,Urologia,78.0,-18.0
c315397a-bffe-4329-b593-0355543efedc,Urologia,7.2,61,37.7,108.0,61,47.0,Cirugia,61.0,0.0
70ce2ff4-f093-4deb-bf99-d1e7890dba34,Urologia,8.35,57,36.85,39.0,65,-26.0,Urologia,59.0,-2.0
dc78db1c-8356-4fdc-9ee9-60b830b5abe3,Urologia,6.67,59,36.17,118.0,69,49.0,Anestesiologia,57.0,2.0
99242fda-8e71-462c-b74b-38a624491cbb,Urologia,9.1,44,31.1,8.0,97,-89.0,Urologia,67.0,-23.0
bf819b7e-5de2-45a4-88ff-28937d60b57c,Urologia,6.3,48,30.3,124.0,104,20.0,Cirugia,41.0,7.0
bc95d863-7c7b-4259-9cff-55972a32f068,Urologia,7.8,44,29.8,71.0,107,-36.0,Urologia,47.0,-3.0
bcfe474a-4721-43dd-a41b-b92ad20353b6,Urologia,6.4,46,29.4,121.0,108,13.0,Urologia,52.0,-6.0
c9542f2c-9ace-4690-a4dd-f9275c5f2a3c,Urologia,7.61,Ausente,,81.0,127,-46.0,Anestesiologia,57.0,
29bd5b3d-8eaf-4108-a2fc-019470d51d04,Urologia,7.47,Ausente,,96.0,128,-32.0,Urologia,47.0,
